z,UV Magnitude,log10 Phi [ cMpc^-1 dex^-1],lower uncertainity (log10),upper uncertainity (log10),Source
0,-20.323,-3.5220110237491107,0.26076832060637045,0.1617962367359307,Arnouts2005
0,-20.167,-4.392009141452825,1.345539768816745,0.2911179996462243,Arnouts2005
0,-19.702,-3.325965999568745,0.1505476680880271,0.11158052451556921,Arnouts2005
0,-19.295,-3.330032630091496,0.17958744990532516,0.12667633387661237,Arnouts2005
0,-18.986,-2.910094888560602,0.142814647219776,0.10729271604840518,Arnouts2005
0,-18.573,-2.752026733638193,0.12005897199021343,0.09395561738400282,Arnouts2005
0,-18.249,-2.6669559701765126,0.14670936657053835,0.10946709511129749,Arnouts2005
0,-17.843,-2.5240384108075764,0.11167331357798682,0.08875180702874985,Arnouts2005
0,-17.476,-2.5310621943345386,0.14897857659528002,0.1107200559282715,Arnouts2005
0,-17.18,-2.3340439705460434,0.15904530390243865,0.11615811802511455,Arnouts2005
0,-17.718,-2.2660356913279625,0.1630851,0.1182866,Cucciati2012
0,-16.987,-1.9833439913279625,0.0963299,0.0787941,Cucciati2012
0,-16.023,-1.9722922913279626,0.0881615,0.0732494,Cucciati2012
0,-15.076,-1.6759147913279624,0.0612814,0.0536939,Cucciati2012
0,-14.142,-1.7298849913279626,0.0674027,0.0583335,Cucciati2012
0,-13.269,-1.7495597913279624,0.0790752,0.066871,Cucciati2012
0,-12.216,-1.7614795913279626,0.1099561,0.0876659,Cucciati2012
0,-18.709,-2.4660022913279627,0.0753084,0.0641592,Cucciati2012
0,-18.006,-2.1724688913279624,0.0496895,0.0445835,Cucciati2012
0,-17.339,-1.9570332913279627,0.0373009,0.034349,Cucciati2012
0,-16.633,-1.7652205913279624,0.0291605,0.0273251,Cucciati2012
0,-15.941,-1.6649307913279623,0.0382085,0.0351171,Cucciati2012
0,-15.26,-1.6620781913279625,0.0721573,0.0618592,Cucciati2012
0,-14.595,-1.5123161913279626,0.1524161,0.1125989,Cucciati2012
0,-19.899,-5.293879890297297,0.9102400923586282,0.2734737861462273,Wyder2005
0,-19.546,-4.109355463704753,0.16277808682775774,0.11812591364250524,Wyder2005
0,-18.991,-3.562566556202029,0.0669388588322839,0.05798599878389554,Wyder2005
0,-18.511,-3.1526124489726044,0.041302589353775065,0.03771346677213083,Wyder2005
0,-18.032,-2.7994230732451517,0.035629554133006724,0.03292683358628601,Wyder2005
0,-17.552,-2.5944828930236237,0.029067902379059873,0.027243800766537873,Wyder2005
0,-17.098,-2.526221165353275,0.03563219839997611,0.032929091703394864,Wyder2005
0,-16.517,-2.537602002101044,0.059535039930392664,0.05234892673542557,Wyder2005
0,-16.013,-2.287013766405617,0.061233469588265255,0.05365708538344549,Wyder2005
0,-15.558,-2.1959287511143386,0.07466345192259327,0.06369077576453908,Wyder2005
0,-15.079,-2.1161682866705473,0.10575285139199764,0.08497800058340577,Wyder2005
0,-14.625,-2.1844886626372357,0.2027274806430288,0.1376682637028699,Wyder2005
0,-13.994,-2.0364482664259036,0.2327694579077071,0.15072556298748996,Wyder2005
0,-13.539,-2.0706321707599002,0.39432701598893916,0.20321201841963732,Wyder2005
0,-13.06,-1.8771290771355644,0.4683093681226922,0.22006471202319489,Wyder2005
0,-12.025,-1.3303112919437918,0.5727786950481519,0.2386890643761863,Wyder2005
1,-19.595,-3.3789751913279624,0.1497392,0.1111378,Cucciati2012
1,-19.001,-2.6133010913279624,0.0560534,0.0496388,Cucciati2012
1,-18.352,-2.3028443913279624,0.0373527,0.034393,Cucciati2012
1,-17.717,-2.0890527913279624,0.0284017,0.0266578,Cucciati2012
1,-17.108,-1.9028760913279625,0.0318661,0.029687,Cucciati2012
1,-16.515,-1.8425522913279626,0.0637399,0.0555712,Cucciati2012
1,-15.765,-1.8629791913279625,0.1250035,0.0969489,Cucciati2012
1,-19.523,-2.9918553913279626,0.0770066,0.0653868,Cucciati2012
1,-18.993,-2.5474618913279623,0.0438083,0.0397914,Cucciati2012
1,-18.445,-2.1869069913279624,0.028197,0.0264774,Cucciati2012
1,-17.909,-2.0022160913279623,0.0348747,0.0322812,Cucciati2012
1,-17.389,-1.8129803913279625,0.0455524,0.0412248,Cucciati2012
1,-16.942,-1.9397563913279625,0.084538,0.070733,Cucciati2012
1,-16.305,-1.9594706913279625,0.1094293,0.0873314,Cucciati2012
1,-20.009,-3.1097334913279626,0.0818184,0.0688207,Cucciati2012
1,-19.515,-2.6720699913279624,0.0474464,0.0427696,Cucciati2012
1,-19.043,-2.3433621913279623,0.0314986,0.0293677,Cucciati2012
1,-18.563,-2.0867330913279627,0.0320305,0.0298296,Cucciati2012
1,-18.089,-1.9018144913279627,0.0487288,0.0438088,Cucciati2012
1,-17.69,-1.9078162913279626,0.1040558,0.0838806,Cucciati2012
1,-17.026,-1.9107129913279626,0.1268821,0.0980719,Cucciati2012
1,-20.858,-3.652307291327962,0.1415152,0.1065605,Cucciati2012
1,-20.249,-3.2155936913279626,0.0797285,0.0673373,Cucciati2012
1,-19.712,-2.6574176913279626,0.0395882,0.0362791,Cucciati2012
1,-19.157,-2.2354173913279625,0.0509375,0.0455854,Cucciati2012
1,-18.637,-2.0663070913279626,0.0632436,0.0551937,Cucciati2012
1,-18.23,-1.9894472913279624,0.1185699,0.0930434,Cucciati2012
1,-20.936,-3.662369991327963,0.0885392,0.0735097,Cucciati2012
1,-20.467,-3.0975913913279625,0.0429333,0.0390682,Cucciati2012
1,-20.005,-2.6996226913279626,0.0773952,0.0656665,Cucciati2012
1,-19.562,-2.3826533913279624,0.0690304,0.0595481,Cucciati2012
1,-19.153,-2.4260441913279625,0.1084789,0.0867261,Cucciati2012
1,-18.681,-2.3671433913279625,0.1500815,0.1113254,Cucciati2012
1,-20.73182552504039,-3.8877742770422463,0.8847926267280943,0.5069124423963127,Oesch2010
1,-20.231017770597738,-3.5744102217427134,0.4608294930875516,0.35944700460830026,Oesch2010
1,-19.73021001615509,-2.8923825719731253,0.17511520737327402,0.15668202764977224,Oesch2010
1,-19.22940226171244,-2.698834184876351,0.10138248847926423,0.14746543778802046,Oesch2010
1,-18.736672051696285,-2.4315530788855666,0.10138248847926423,0.08294930875576156,Oesch2010
1,-18.22778675282714,-2.0536728945537677,0.06451612903225801,0.05529953917050623,Oesch2010
1,-17.735056542810984,-2.0075899452450123,0.09216589861751112,0.08294930875576068,Oesch2010
1,-17.234248788368337,-1.8416913277334914,0.07373271889400934,0.06451612903225756,Oesch2010
2,-20.116746411483252,-2.3661049351481878,0.033707865168539186,0.05617977528089879,Bouwens2021
2,-19.622966507177033,-2.118913923912233,0.04494382022471921,0.033707865168539186,Bouwens2021
2,-19.117703349282294,-1.9503745980695362,0.011235955056180025,0.04494382022471921,Bouwens2021
2,-18.61244019138756,-1.8380150475077386,0.033707865168539186,0.03370786516853963,Bouwens2021
2,-18.11866028708134,-1.703183586833581,0.04494382022471921,0.033707865168539186,Bouwens2021
2,-17.613397129186602,-1.5346442609908841,0.03370786516853941,0.022471910112359383,Bouwens2021
2,-16.614354066985648,-1.411048755372907,,,Bouwens2021
2,-21.576,-3.5722838913279626,0.1603315,0.1168391,Cucciati2012
2,-21.045,-3.0452679913279623,0.0761545,0.0647719,Cucciati2012
2,-20.593,-2.6129051913279624,0.068155,0.0588959,Cucciati2012
2,-20.108,-2.4683939913279627,0.0676747,0.0585371,Cucciati2012
2,-21.424669243347708,-3.9154240466274945,0.45161290322579806,0.36866359447004005,Oesch2010
2,-20.92262524156385,-3.408511604231184,0.22119815668202403,0.19354838709677136,Oesch2010
2,-20.420395421436005,-2.8555162125261164,0.12903225806451335,0.09216589861750979,Oesch2010
2,-19.919392002378476,-2.6066682862588344,0.09216589861750979,0.0829493087557589,Oesch2010
2,-19.418239928645757,-2.320954000544549,0.10138248847926068,0.06451612903225712,Oesch2010
2,-22.0,-4.499256253010207,0.13084112149532956,0.08411214953271173,Parsa2016
2,-21.472527472527474,-4.069349710954132,0.06542056074766389,0.04672897196261783,Parsa2016
2,-21.01098901098901,-3.433835692262543,0.02803738317757043,0.04672897196261783,Parsa2016
2,-20.483516483516482,-2.8637422343186167,0.028037383177570874,0.018691588785046953,Parsa2016
2,-20.0,-2.405798309084971,0.03738317757009302,0.046728971962616495,Parsa2016
2,-19.516483516483518,-2.0693497109541297,0.01869158878504651,0.02803738317756954,Parsa2016
2,-18.98901098901099,-1.9104712062812328,0.02803738317756954,0.01869158878504651,Parsa2016
2,-18.505494505494504,-1.788975879178429,0.028037383177569986,0.009345794392523477,Parsa2016
2,-18.0,-1.6955179352531946,0.065420560747663,0.04672897196261605,Parsa2016
2,-17.494505494505496,-1.6114057857204847,0.04672897196261605,0.05607476635513975,Parsa2016
2,-17.01098901098901,-1.5086020474027273,0.03738317757009302,0.04672897196261627,Parsa2016
2,-16.483516483516482,-1.4431814866550638,0.046728971962616495,0.01869158878504651,Parsa2016
2,-15.999999999999998,-1.3684151315148765,0.028037383177569764,0.05607476635513953,Parsa2016
2,-15.516483516483516,-1.34972354272983,0.03738317757009302,0.03738317757009302,Parsa2016
2,-14.989010989010987,-1.12542447730927,0.028037383177570208,0.037383177570093684,Parsa2016
2,-14.505494505494505,-1.0786955053466531,0.009345794392523477,0.028037383177569986,Parsa2016
2,-22.58,-5.3979400086720375,0.6020599913279625,0.24303804868629442,Reddy2009
2,-22.08,-4.455931955649724,0.09691001300805624,0.07918124604762511,Reddy2009
2,-21.58,-3.8477116556169433,0.05191779926549378,0.04636874257136592,Reddy2009
2,-21.08,-3.4672456210075024,0.08096794346820735,0.06821851669425083,Reddy2009
2,-20.58,-2.904481957676849,0.029938327594702496,0.028006938619581145,Reddy2009
2,-20.08,-2.692503962086787,0.04409670657921083,0.04002912208547649,Reddy2009
2,-19.58,-2.4457531918338895,0.04049665808428715,0.03704045689238855,Reddy2009
2,-19.08,-2.1444202774982823,0.03478734141351403,0.03220631233665383,Reddy2009
2,-18.58,-2.086822166009532,0.043301020723701455,0.03937245990773386,Reddy2009
2,-18.08,-1.8989406450918844,0.06594995196354003,0.057242814319906854,Reddy2009
3,-22.52822966507177,-4.8043071823391985,0.808988764044944,0.2808988764044944,Bouwens2021
3,-21.770334928229666,-3.714419541889761,0.3146067415730336,0.16853932584269726,Bouwens2021
3,-21.265071770334927,-3.0177903284066145,0.0786516853932584,0.101123595505618,Bouwens2021
3,-20.771291866028708,-2.7256554969459406,0.05617977528089879,0.06741573033707882,Bouwens2021
3,-20.26602870813397,-2.399812800316727,0.03370786516853963,0.04494382022471877,Bouwens2021
3,-19.77224880382775,-2.2537453845863897,0.03370786516853963,0.033707865168539186,Bouwens2021
3,-19.278468899521528,-2.0627341486313338,0.02247191011236005,0.033707865168539186,Bouwens2021
3,-18.773205741626793,-1.9391386430133561,0.033707865168539186,0.033707865168539186,Bouwens2021
3,-18.279425837320574,-1.804307182339199,0.03370786516853963,0.022471910112359605,Bouwens2021
3,-17.774162679425835,-1.5458802160470642,0.022471910112359605,0.022471910112359605,Bouwens2021
3,-17.25741626794258,-1.5908240362717834,0.05617977528089879,0.056179775280899014,Bouwens2021
3,-22.897,-5.145111991327963,0.2700214,0.1652427,Cucciati2012
3,-22.337,-4.003735091327963,0.0866538,0.0722067,Cucciati2012
3,-21.862,-3.4184903913279623,0.0903444,0.0747484,Cucciati2012
3,-21.429,-3.0457773913279627,0.0884164,0.0734251,Cucciati2012
3,-20.851,-2.8575328913279625,0.1060746,0.0851852,Cucciati2012
3,-22.464306442251882,-5.061800184561382,0.23364685398245566,0.14026492779352218,Parsa2016
3,-22.031955208084394,-4.239875361236809,0.08411286743368418,0.046652555392442174,Parsa2016
3,-21.533030623741077,-3.530177843227864,0.04672937079649131,0.027935201939162546,Parsa2016
3,-21.011232119080944,-2.9513481685837752,0.018691748318596435,0.028037622477894875,Parsa2016
3,-20.488955651906725,-2.437939613054773,0.04672937079649042,0.037434706906557924,Parsa2016
3,-20.008398484176023,-2.2142019461946445,0.028037622477893986,0.03738349663719154,Parsa2016
3,-19.527499914649546,-2.037193650131007,0.01869174831859599,0.04672937079648953,Parsa2016
3,-19.001945990235907,-1.9723870542483137,0.02803762247789443,0.028037622477893542,Parsa2016
3,-18.5213888225052,-1.748649387388185,0.05607524495578753,0.06542111911508597,Parsa2016
3,-18.039602608309714,-1.6931374553954233,0.04672937079648998,0.05602403468642203,Parsa2016
3,-17.514799767846778,-1.5255262437604498,0.028037622477893986,0.05607524495578775,Parsa2016
3,-17.054590147144175,-1.5167180774294948,0.05607524495578775,0.04665255539244084,Parsa2016
3,-16.50684510600525,-1.4893205833186767,0.05607524495578775,0.0,Parsa2016
3,-16.025127172168922,-1.424462777166616,0.03738349663719176,0.03738349663719198,Parsa2016
3,-15.564712710388857,-1.4436922333135547,0.04672937079648998,0.02796080707384485,Parsa2016
3,-22.77,-5.522878745280337,0.17609125905568135,0.1249387366082999,Reddy2009
3,-22.27,-4.522878745280337,0.2466723333413885,0.1563472008599236,Reddy2009
3,-21.77,-4.070581074285707,0.2051430561135037,0.13876693603186885,Reddy2009
3,-21.27,-3.619788758288394,0.2466723333413885,0.15634720085992404,Reddy2009
3,-20.77,-3.1636758842932484,0.19584267873632966,0.1344874951657662,Reddy2009
3,-20.27,-2.815308569182401,0.08535615313164113,0.07130429590480292,Reddy2009
3,-19.77,-2.5325398904927363,0.05231975731139116,0.04668902496817351,Reddy2009
3,-19.27,-2.3669357273085008,0.046027154948043325,0.04161319518169959,Reddy2009
3,-18.77,-2.2568039185512987,0.049908924443045954,0.044760041835230524,Reddy2009
4,-22.700478468899522,-4.894194822788637,0.606741573033708,0.24719101123595522,Bouwens2021
4,-22.183732057416268,-4.4222847104290866,0.404494382022472,0.202247191011236,Bouwens2021
4,-21.689952153110045,-3.433520665485266,0.0786516853932584,0.05617977528089835,Bouwens2021
4,-21.196172248803826,-3.0739701036875133,0.04494382022471921,0.05617977528089879,Bouwens2021
4,-20.679425837320572,-2.7593633621144797,0.04494382022471921,0.033707865168539186,Bouwens2021
4,-20.185645933014353,-2.399812800316727,0.03370786516853963,0.04494382022471877,Bouwens2021
4,-19.691866028708134,-2.24250942953021,0.04494382022471921,0.03370786516853963,Bouwens2021
4,-19.19808612440191,-2.130149878968412,-0.08988764044943753,0.06741573033707837,Bouwens2021
4,-18.68133971291866,-1.9616105531257162,-0.33707865168539364,0.06741573033707926,Bouwens2021
4,-17.923444976076553,-1.5908240362717834,-0.3707865168539326,0.03370786516853941,Bouwens2021
4,-16.935885167464114,-1.1638577441369518,0.1348314606741574,0.05617977528089879,Bouwens2021
4,-15.936842105263157,-1.1526217890807722,,0.1123595505617978,Bouwens2021
4,-23.132,-4.832433091327963,0.1731387,0.1234549,Cucciati2012
4,-22.639,-4.2031698913279625,0.1001753,0.0813445,Cucciati2012
4,-22.186,-4.146158691327963,0.0910559,0.0752342,Cucciati2012
4,-21.484,-3.5766597913279625,0.3868154,0.2012937,Cucciati2012
4,-22.25,-6.266802734893431,1.7331972651065692,0.5480634219484433,Duncan2014
4,-21.75,-4.241088107602026,0.20381744381965472,0.138165110811447,Duncan2014
4,-21.25,-3.712198270069774,0.09328738804775893,0.07599821554888342,Duncan2014
4,-20.75,-3.3045183235098023,0.05351207878813824,0.04740049494707543,Duncan2014
4,-20.25,-3.0629838925351858,0.04275544301782608,0.037863865542116404,Duncan2014
4,-19.75,-2.7825160557860937,0.0344989772103248,0.030489322147900566,Duncan2014
4,-19.25,-2.5575202309355514,0.03628034540113578,0.03406203996298007,Duncan2014
4,-18.75,-2.20690839982342,0.05653575301394387,0.047516278832710146,Duncan2014
4,-18.25,-2.0390538042661683,0.0841512195331311,0.06517832101161858,Duncan2014
4,-17.75,-2.001304841688344,0.15359711829739897,0.11290336656873823,Duncan2014
4,-23.013774104683193,-5.481748979768018,0.2149532710280404,0.2149532710280413,Parsa2016
4,-22.506887052341597,-4.613182259034769,0.12149532710280564,0.10280373831775869,Parsa2016
4,-22.0,-3.9782603981146067,0.06542056074766478,0.05607476635514175,Parsa2016
4,-21.515151515151516,-3.427424940737094,0.028037383177570874,0.037383177570093906,Parsa2016
4,-21.00826446280992,-2.9326899957047816,0.02803738317757043,0.018691588785046953,Parsa2016
4,-20.501377410468322,-2.568796172167797,0.04672897196261738,0.03738317757009435,Parsa2016
4,-19.99449035812672,-2.391818236481279,0.028037383177569986,0.04672897196261605,Parsa2016
4,-19.48760330578512,-2.3363356278975664,0.02803738317756954,0.03738317757009302,Parsa2016
4,-19.002754820936637,-2.2901730677163146,0.11214953271027905,0.09345794392523255,Parsa2016
4,-18.49586776859504,-2.0103913937120406,0.07476635514018604,0.06542056074766256,Parsa2016
4,-18.011019283746556,-1.8801166839980787,0.065420560747663,0.065420560747663,Parsa2016
4,-17.482093663911847,-1.7592392606567646,0.04672897196261605,0.065420560747663,Parsa2016
4,-16.997245179063356,-1.563543990195139,0.03738317757009302,0.06542056074766278,Parsa2016
4,-16.49035812672176,-1.6108651199291817,0.03738317757009302,0.06542056074766278,Parsa2016
4,-16.005509641873275,-1.5460109709628838,0.056074766355139305,0.01869158878504651,Parsa2016
5,-23.12535885167464,-5.455992575597626,1.7078651685393256,0.2921348314606744,Bouwens2021
5,-22.620095693779902,-4.972846508181895,0.38202247191011196,0.19101123595505598,Bouwens2021
5,-22.10334928229665,-4.141385834024592,0.14606741573033677,0.0786516853932584,Bouwens2021
5,-21.621052631578948,-3.6470038115526826,0.05617977528089746,0.06741573033707882,Bouwens2021
5,-21.127272727272725,-3.1863296542493114,0.033707865168539186,0.04494382022471921,Bouwens2021
5,-20.599043062200955,-2.838015047507738,0.04494382022471921,0.033707865168539186,Bouwens2021
5,-20.105263157894736,-2.6582397666088617,0.05617977528089879,0.033707865168539186,Bouwens2021
5,-19.611483253588517,-2.399812800316727,0.04494382022471921,0.04494382022471877,Bouwens2021
5,-19.12918660287081,-2.2649813396425698,0.0786516853932584,0.06741573033707837,Bouwens2021
5,-18.35980861244019,-1.9391386430133561,0.056179775280899236,0.04494382022471921,Bouwens2021
5,-17.349282296650717,-1.6694757216650418,0.0786516853932584,0.0786516853932584,Bouwens2021
5,-16.361722488038275,-1.197565609305491,0.15730337078651702,0.1123595505617978,Bouwens2021
5,-21.72,-4.6777807052660805,0.5440680443502757,0.2376873303021929,Duncan2014
5,-21.16,-3.9208187539523753,0.12157395898752954,0.09429639740536988,Duncan2014
5,-20.59,-3.518557371497695,0.07354208835966958,0.06435912865697135,Duncan2014
5,-20.03,-3.192464971931147,0.06004553581018035,0.052023544557200374,Duncan2014
5,-19.47,-2.812479279163537,0.05912145211865649,0.05377666627353017,Duncan2014
5,-18.91,-2.408935392973501,0.09000534480874745,0.08047847823607457,Duncan2014
5,-18.34,-2.3716110699496884,0.2134155820794934,0.13428963367712443,Duncan2014
5,-17.78,-1.9956786262173574,0.2416428100552066,0.1600314820017945,Duncan2014
6,-21.85225505443235,-4.18844082361044,0.17654476670870878,0.15132408575032041,Atek2018
6,-21.346811819595647,-4.1783525512270865,-0.41866330390920314,0.19167717528373895,Atek2018
6,-20.8646967340591,-3.643674114909304,-0.3026481715006284,0.12105926860025695,Atek2018
6,-20.35147744945568,-3.245187355766806,-0.23203026481714728,0.08575031525851529,Atek2018
6,-19.853810264385693,-2.9324509118828206,-0.19672131147540606,0.07566204287516021,Atek2018
6,-19.36391912908243,-2.6499792851488992,-0.27238335435056404,0.08575031525851529,Atek2018
6,-18.601866251944013,-2.29184561553982,-0.18158890290037544,0.0907944514501926,Atek2018
6,-18.236391912908243,-2.0194622611892523,-0.11097099621689921,0.0907944514501926,Atek2018
6,-17.74650077760498,-1.8227409497138383,-0.15132408575031642,0.08575031525851129,Atek2018
6,-17.241057542768274,-1.5907106848966879,0.030264817150058132,0.05548549810844805,Atek2018
6,-16.758942457231726,-1.429298326763016,0.035308953341739224,0.22698612862546974,Atek2018
6,-16.261275272161743,-1.313283194354442,0.1866330390920472,0.1513240857503133,Atek2018
6,-15.748055987558322,-1.1367384276457377,0.20680958385876114,0.35813366960907445,Atek2018
6,-15.250388802488338,-0.9753260695120701,0.7414880201765386,0.36822194199243063,Atek2018
6,-14.752721617418354,-0.9955026142787825,0.5195460277427397,0.7313997477931911,Atek2018
6,-14.239502332814931,-0.9904584780871032,0.8171500630516924,0.5447667087011334,Atek2018
6,-13.757387247278384,-1.0762087933456153,1.4930643127364627,0.7515762925598979,Atek2018
6,-13.244167962674963,-1.1619591086041279,3.1778058007566274,1.4123581336696085,Atek2018
6,-21.885542650804336,-5.144295728563963,1.6263517426122007,0.309141240331245,Bhatawdekar2019
6,-20.930111905692268,-4.174948566693815,1.3440923492662806,0.32258216382390703,Bhatawdekar2019
6,-19.975283765906664,-3.4206561807062723,0.37634585779455865,0.20161385238994267,Bhatawdekar2019
6,-19.021208882779142,-2.935182264571985,0.3360230873165708,0.18817292889727888,Bhatawdekar2019
6,-18.06713399965162,-2.449708348437699,0.3225821638239075,0.14785015841929106,Bhatawdekar2019
6,-17.11388769884799,-2.2599347491419937,0.21505477588260513,0.16129108191195352,Bhatawdekar2019
6,-16.159586838723044,-1.6938152920517298,0.2553775463605934,0.20161385238994223,Bhatawdekar2019
6,-15.23390973160524,-1.3427976893852014,0.3494640108092333,0.24193662286793094,Bhatawdekar2019
6,-14.251964352128658,-0.9110403886804352,0.6451878669183806,0.29570031683858145,Bhatawdekar2019
6,-22.516746411483254,-5.321161114923468,1.8426966292134832,0.3146067415730336,Bouwens2021
6,-22.011483253588516,-4.455992575597626,0.21348314606741603,0.13483146067415763,Bouwens2021
6,-21.529186602870812,-3.882958867732457,0.12359550561797761,0.06741573033707837,Bouwens2021
6,-21.012440191387558,-3.3661049351481878,0.0786516853932584,0.04494382022471921,Bouwens2021
6,-20.530143540669854,-3.107677968856053,0.05617977528089879,0.056179775280899236,Bouwens2021
6,-20.0133971291866,-2.7481274070583,0.04494382022471877,0.05617977528089879,Bouwens2021
6,-19.5311004784689,-2.5346442609908846,0.06741573033707837,0.04494382022471921,Bouwens2021
6,-18.773205741626793,-2.163857744136952,0.06741573033707837,0.0786516853932584,Bouwens2021
6,-22.19,-4.79317412396815,0.8266146343202445,0.26152145438030683,Duncan2014
6,-21.56,-5.018634490921456,2.9813655090785476,0.3526859312683479,Duncan2014
6,-20.94,-4.011887159731648,0.15496572835556677,0.11225770484921105,Duncan2014
6,-20.31,-3.5044556624535517,0.0917377269990256,0.07546533476285688,Duncan2014
6,-19.69,-3.0883098412461387,0.10891643346188573,0.0900435540551392,Duncan2014
6,-19.06,-2.5272435506827877,0.1423426759680213,0.11585135542547409,Duncan2014
6,-18.44,-2.6458915608525992,0.37183720610783233,0.2021940616198865,Duncan2014
6,-17.81,-1.9281179926938745,0.386140268703862,0.19926231064295274,Duncan2014
6,-19.49814126394052,-2.5086343857916216,0.4567474048442808,0.3044982698961878,Livermore2017
6,-18.99628252788104,-2.480952724891968,0.4567474048442808,0.3460207612456676,Livermore2017
6,-18.49442379182156,-2.4117485726428347,0.4567474048442808,0.4844290657439352,Livermore2017
6,-17.992565055762082,-1.8027520328504485,0.24913494809688075,0.19377162629757372,Livermore2017
6,-17.490706319702603,-1.5812987456532186,0.1660899653979202,0.1522491349480939,Livermore2017
6,-17.00743494423792,-1.1383921712587566,0.2214532871972268,0.12456747404844037,Livermore2017
6,-16.486988847583646,-0.7646897491134296,0.22145328719722768,0.13840830449827113,Livermore2017
6,-15.985130111524164,-0.7093264273141217,0.20761245674740314,0.221453287197233,Livermore2017
6,-15.501858736059477,-0.3633056660684465,0.3044982698961958,0.1522491349480979,Livermore2017
6,-15.000000000000004,-0.3494648356186202,0.3598615916955037,0.3044982698961958,Livermore2017
6,-14.498141263940523,-0.29410151381931315,0.7335640138408288,0.4429065743944665,Livermore2017
6,-13.996282527881041,-0.16953403977087145,0.8027681660899657,0.5121107266436016,Livermore2017
6,-13.494423791821564,0.16264589102497873,1.2595155709342558,0.12456747404844391,Livermore2017
6,-12.992565055762084,0.5640299740699614,2.131487889273348,0.11072664359861664,Livermore2017
6,-12.490706319702603,0.9792548875647696,0.7889273356401432,0.4982698961937744,Livermore2017
7,-20.108581436077056,-4.08355795148248,2.0619946091644206,0.3234501347708898,Bhatawdekar2019
7,-19.15586690017513,-3.4636118598382755,0.2560646900269541,0.18867924528301927,Bhatawdekar2019
7,-18.231173380035028,-2.8706199460916437,0.3504043126684646,0.10781671159029571,Bhatawdekar2019
7,-17.278458844133098,-2.5741239892183296,0.17520215633423142,0.1617250673854449,Bhatawdekar2019
7,-16.353765323992995,-2.1428571428571432,0.4716981132075473,0.2156334231805932,Bhatawdekar2019
7,-15.429071803852889,-1.5498652291105128,0.9568733153638811,0.24258760107816757,Bhatawdekar2019
7,-22.195215311004784,-5.635767856496502,1.5617977528089888,0.5393258426966288,Bouwens2021
7,-21.68995215311005,-4.0065543733504345,0.12359550561797761,0.11235955056179758,Bouwens2021
7,-21.18468899521531,-3.927902687957177,0.16853932584269593,0.12359550561797761,Bouwens2021
7,-20.679425837320572,-3.3099251598672885,0.08988764044943842,0.0786516853932584,Bouwens2021
7,-20.185645933014353,-3.1526217890807717,0.11235955056179803,0.08988764044943798,Bouwens2021
7,-19.691866028708134,-2.8492510025639177,0.0786516853932584,0.10112359550561756,Bouwens2021
7,-19.19808612440191,-2.5234083059347046,0.1573033707865168,0.08988764044943798,Bouwens2021
7,-18.70430622009569,-2.444756620541446,0.1460674157303372,0.11235955056179803,Bouwens2021
7,-17.946411483253588,-1.8380150475077386,0.12359550561797761,0.10112359550561845,Bouwens2021
7,-16.935885167464114,-1.6807116767212213,0.202247191011236,0.12359550561797739,Bouwens2021
7,-21.62,-4.8996294548824375,999.0,0.31626996222071835,Duncan2014
7,-20.88,-4.2403321553103694,0.32991556468722294,0.18481482746053768,Duncan2014
7,-20.12,-3.812479279163537,0.2679196970523523,0.16097884944737473,Duncan2014
7,-19.38,-3.0150228735845066,0.27148658332155096,0.17489072067707312,Duncan2014
7,-18.62,-2.6595558851598815,0.6080503550171499,0.23933948177669162,Duncan2014
7,-17.88,-2.1390633792999063,999.0,0.42820621523223945,Duncan2014
7,-19.00000000000001,-2.995780355290529,0.7335640138408164,0.5674740484428948,Livermore2017
7,-18.500000000000004,-2.443531220342439,0.44290657439445535,0.3737024221453211,Livermore2017
7,-18.000000000000007,-2.0850537116919186,0.3321799307958404,0.23529411764705443,Livermore2017
7,-17.500000000000014,-1.8788253379894964,0.3598615916954939,0.22145328719722723,Livermore2017
7,-17.00000000000001,-1.3127353725915754,0.35986159169549436,0.13840830449826713,Livermore2017
7,-16.500000000000007,-1.2310744729375904,0.318339100346015,0.2629757785467075,Livermore2017
7,-16.0,-1.2324585559825727,0.45674740484428167,0.4982698961937637,Livermore2017
7,-15.500000000000014,-0.8601402168822346,0.7197231833909887,0.3875432525951572,Livermore2017
7,-14.981481481481499,-0.30794234426913814,0.8581314878892696,0.318339100346023,Livermore2017
7,-14.500000000000014,-0.10166270823171641,0.733564013840835,0.38754325259515854,Livermore2017
8,-20.80910683012259,-4.609164420485177,1.4824797843664062,0.3099730458220673,Bhatawdekar2019
8,-19.828371278458842,-3.8005390835579522,0.4582210242587088,0.18867924528299618,Bhatawdekar2019
8,-18.93169877408056,-3.1805929919137483,0.3908355795148051,0.2156334231805932,Bhatawdekar2019
8,-17.95096322241681,-2.74932614555256,0.9703504043126312,0.12129380053908356,Bhatawdekar2019
8,-17.026269702276707,-2.2102425876010763,0.5390835579514839,0.24258760107816713,Bhatawdekar2019
8,-16.07355516637478,-1.7789757412398899,0.6064690026954196,0.22911051212937927,Bhatawdekar2019
8,-21.850717703349282,-5.175093699193131,0.393258426966292,0.22471910112359605,Bouwens2021
8,-21.345454545454544,-4.534644260990884,0.21348314606741603,0.13483146067415674,Bouwens2021
8,-20.86315789473684,-3.9953184182942554,0.13483146067415674,0.10112359550561845,Bouwens2021
8,-20.12822966507177,-3.5121723508785245,0.1797752808988764,0.11235955056179758,Bouwens2021
8,-19.358851674641148,-2.7705993171706593,0.21348314606741603,0.12359550561797716,Bouwens2021
8,-18.60095693779904,-2.5683521261594238,0.1573033707865168,0.1348314606741572,Bouwens2021
8,-17.601913875598086,-2.107677968856053,0.22471910112359517,0.12359550561797761,Bouwens2021
8,-20.481481481481477,-2.912404818914114,0.7448275862068368,0.5241379310344421,Livermore2017
8,-19.48148148148148,-2.402059991327935,0.8689655172413104,0.31724137931032104,Livermore2017
8,-19.999999999999996,-2.8986117154658775,1.5034482758619525,0.11034482758619824,Livermore2017
8,-19.0,-2.8434393016727704,1.4206896551723016,0.11034482758619824,Livermore2017
8,-18.500000000000004,-2.291715163741726,0.4551724137930684,0.3034482758620456,Livermore2017
8,-17.999999999999993,-2.3193013706382803,0.7310344827585649,0.3586206896551438,Livermore2017
8,-17.5,-2.3744737844313963,0.758620689655114,0.5103448275861666,Livermore2017
8,-17.000000000000007,-1.7124048189141483,0.7310344827585631,0.37241379310341927,Livermore2017
8,-16.50000000000001,-1.6434393016727533,0.7862068965516631,0.5241379310344421,Livermore2017
8,-16.000000000000004,-1.257232405121055,1.3931034482757525,0.09655172413792279,Livermore2017
8,-15.500000000000007,-0.6227496465003862,0.7310344827586075,0.38620689655173557,Livermore2017
8,-15.00000000000001,-0.5537841292590161,0.7724137931034392,0.5241379310344989,Livermore2017
9,-21.002391578630213,-4.973118279569896,0.7526881720429266,0.2822580645160979,Bhatawdekar2019
9,-20.103383989605117,-4.139784946236562,1.0349462365590227,0.2956989247311501,Bhatawdekar2019
9,-19.317063066116802,-3.521505376344088,0.9408602150536574,0.28225806451611746,Bhatawdekar2019
9,-21.919617224880383,-5.71441954188976,0.6404494382022472,0.2359550561797752,Bouwens2021
9,-21.127272727272725,-4.759363362114479,0.22471910112359605,0.1573033707865168,Bouwens2021
9,-20.311961722488036,-4.175093699193131,0.21348314606741603,0.11235955056179758,Bouwens2021
9,-19.12918660287081,-3.3323970699796486,0.696629213483146,0.25842696629213524,Bouwens2021
9,-17.923444976076553,-2.647003811552682,0.32584269662921317,0.19101123595505642,Bouwens2021
10,-21.25,-6.022276394711152,0.7736036226329226,0.5205869485007533,Oesch2018
10,-20.25,-5.008773924307505,0.33801356191715115,0.2943312333152788,Oesch2018
10,-19.25,-4.468521082957745,0.45229767099463025,0.36614817424818646,Oesch2018
10,-18.25,-3.721246399047171,0.43365556093857194,0.36469907553335856,Oesch2018
10,-17.25,-3.2006594505464183,0.7579478642953563,0.5269953114751695,Oesch2018
